Start Date,End Date,Campaign Name,Reach,Frequency,Impressions,Clicks,Unique Clicks,Click-Through Rate (CTR),Unique Click-Through Rate (uCTR),Amount Spent (USD),"Cost Per 1,000 Impressions (CPM) (USD)","Cost Per 1,000 People Reached (USD)",Cost Per Click (CPC) (USD),Actions,People Taking Action,Page Likes
9/28/2014,10/3/2014,BNOTIONS - NYT - REGI FB ACQ LAL - IPAD - GLP,0,0,0,0,0,0,0,0,0,0,0,0,0,0
9/28/2014,10/3/2014,BNOTIONS - NYT - BROAD - IPHONE - GLP,0,0,0,0,0,0,0,0,0,0,0,0,0,0
9/28/2014,10/3/2014,BNOTIONS - NYT - US FORMER SUBSCRIBERS LAL - IPHONE - GLP,0,0,0,0,0,0,0,0,0,0,0,0,0,0
9/28/2014,10/3/2014,BNOTIONS - NYT - IPAD - SUBSCRIBED USERS LAL 5% - GLP,6608,1.041616223,6883,65,62,0.9443556589,0.9382566586,167.77,24.37454598,25.38892252,2.581076923,7,7,0
9/28/2014,10/3/2014,BNOTIONS - NYT - ANDROID PHONE - US FORMER SUBSCRIBERS 10% - GLP,3267,1.022038567,3339,37,37,1.108116202,1.132537496,63.38,18.98173106,19.40006122,1.712972973,1,1,0
9/28/2014,10/3/2014,BNOTIONS - NYT - BROAD - IPAD - GLP,0,0,0,0,0,0,0,0,0,0,0,0,0,0
9/28/2014,10/3/2014,BNOTIONS - NYT - CUSTOM AUDIENCES - IPHONE - GLP,0,0,0,0,0,0,0,0,0,0,0,0,0,0
9/28/2014,10/3/2014,BNOTIONS - NYT - CONNECTED TO PAGE - IPAD - GLP,4094,1.012212995,4144,24,23,0.5791505792,0.5617977528,66.77,16.11245174,16.30923302,2.782083333,5,5,0
9/28/2014,10/3/2014,BNOTIONS - NYT - CONNECTED TO PAGE - IPHONE - GLP,0,0,0,0,0,0,0,0,0,0,0,0,0,0
9/28/2014,10/3/2014,BNOTIONS - NYT - LAL FB REGGIES - IPHONE,0,0,0,0,0,0,0,0,0,0,0,0,0,0
9/28/2014,10/3/2014,BNOTIONS - NYT - CUSTOM AUDIENCES - IPAD - GLP,0,0,0,0,0,0,0,0,0,0,0,0,0,0
9/28/2014,10/3/2014,BNOTIONS - NYT - US FORMER SUBSCRIBERS LAL - IPHONE - 02 - GLP,0,0,0,0,0,0,0,0,0,0,0,0,0,0
9/28/2014,10/3/2014,BNOTIONS - NYT - IPHONE - CONNECTED TO PAGE - 01 - GLP,0,0,0,0,0,0,0,0,0,0,0,0,0,0
9/28/2014,10/3/2014,BNOTIONS - NYT - IPHONE - BROAD TARGETING 45+ - 01 - GLP,97163,1.252575569,121704,730,657,0.5998159469,0.6761833208,1603.18,13.17277986,16.49990223,2.196136986,144,144,6
9/28/2014,10/3/2014,BNOTIONS - NYT - CUSTOM AUDIENCES - IPAD - F 45-65 - GLP,0,0,0,0,0,0,0,0,0,0,0,0,0,0
9/28/2014,10/3/2014,BNOTIONS - NYT - CONNECTED TO PAGE - ANDROID - GLP,0,0,0,0,0,0,0,0,0,0,0,0,0,0
9/28/2014,10/3/2014,BNOTIONS - NYT - US FORMER SUBSCRIBERS LAL - ANDROID - GLP,198873,1.372076652,272869,1399,1275,0.5127002334,0.6411126699,2935.46,10.75776288,14.76047528,2.098255897,351,350,9
9/28/2014,10/3/2014,BNOTIONS - NYT - US FORMER SUBSCRIBERS LAL - IPAD - GLP,0,0,0,0,0,0,0,0,0,0,0,0,0,0
9/28/2014,10/3/2014,BNOTIONS - NYT - CUSTOM AUDIENCE - ANDROID - GLP,0,0,0,0,0,0,0,0,0,0,0,0,0,0
9/28/2014,10/3/2014,BNOTIONS - NYT - CUSTOM AUDIENCES - IPAD - M 45-65 - GLP,0,0,0,0,0,0,0,0,0,0,0,0,0,0
9/28/2014,10/3/2014,BNOTIONS - NYT - REGI FB ACQ LAL - ANDROID - GLP,0,0,0,0,0,0,0,0,0,0,0,0,0,0
9/28/2014,10/3/2014,BNOTIONS - NYT - IPHONE - US FORMER SUBS 10% - 01 - GLP,244978,1.296985852,317733,911,830,0.286718723,0.3388059336,2672.11,8.409922797,10.90755088,2.933161361,206,205,14
9/28/2014,10/3/2014,BNOTIONS - NYT - IPHONE - SUBSCRIBED USERS LAL 10% - 01 - GLP,0,0,0,0,0,0,0,0,0,0,0,0,0,0
9/28/2014,10/3/2014,BNOTIONS - NYT - IPHONE - SUBSCRIBERS LAL 10% - 01 - GLP,0,0,0,0,0,0,0,0,0,0,0,0,0,0
9/28/2014,10/3/2014,BNOTIONS - NYT - IPAD - SUBSCRIBED USERS LAL 5% - 01 - GLP,0,0,0,0,0,0,0,0,0,0,0,0,0,0
9/28/2014,10/3/2014,BNOTIONS - NYT - IPAD - SUBSCRIBED USERS LAL 10% - 02 - GLP,0,0,0,0,0,0,0,0,0,0,0,0,0,0
9/28/2014,10/3/2014,BNOTIONS - NYT - ANDROID PHONE - SUBSCRIBED USERS LAL 5% - 01 - GLP,115973,1.206065205,139871,1015,911,0.7256686518,0.7855276659,2138.38,15.28822987,18.43860209,2.106778325,214,214,6
9/28/2014,10/3/2014,BNOTIONS - NYT - US REG LAL - IPAD - GLP,0,0,0,0,0,0,0,0,0,0,0,0,0,0
9/28/2014,10/3/2014,BNNOTIONS - NYT - IPAD - US FORMER SUBS 5% - 01 - GLP,0,0,0,0,0,0,0,0,0,0,0,0,0,0
9/28/2014,10/3/2014,BNOTIONS - NYT - US REG LAL - ANDROID - GLP,0,0,0,0,0,0,0,0,0,0,0,0,0,0
9/21/2014,9/27/2014,BNOTIONS - NYT - REGI FB ACQ LAL - ANDROID - GLP,3540,1.00480226,3557,25,19,0.7028394715,0.5367231638,60.91,17.12398088,17.20621469,2.4364,12,12,0
9/21/2014,9/27/2014,BNOTIONS - NYT - CONNECTED TO PAGE - IPAD - GLP,42717,1.452957839,62066,473,426,0.7620919666,0.9972610436,997.86,16.07740148,23.3597865,2.109640592,136,136,0
9/21/2014,9/27/2014,BNOTIONS - NYT - IPHONE - SUBSCRIBERS LAL 10% - 01 - GLP,0,0,0,0,0,0,0,0,0,0,0,0,0,0
9/21/2014,9/27/2014,BNOTIONS - NYT - US FORMER SUBSCRIBERS LAL - IPHONE - GLP,0,0,0,0,0,0,0,0,0,0,0,0,0,0
9/21/2014,9/27/2014,BNOTIONS - NYT - IPAD - SUBSCRIBED USERS LAL 10% - 02 - GLP,3435,1.00349345,3447,25,25,0.7252683493,0.7278020378,83.61,24.25587467,24.34061135,3.3444,6,6,0
9/21/2014,9/27/2014,BNOTIONS - NYT - BROAD - IPHONE - GLP,0,0,0,0,0,0,0,0,0,0,0,0,0,0
9/21/2014,9/27/2014,BNOTIONS - NYT - ANDROID PHONE - US FORMER SUBSCRIBERS 10% - GLP,0,0,0,0,0,0,0,0,0,0,0,0,0,0
9/21/2014,9/27/2014,BNOTIONS - NYT - IPHONE - SUBSCRIBED USERS LAL 10% - 01 - GLP,106484,1.134696292,120827,516,476,0.4270568664,0.4470155141,1305.13,10.80164202,12.25658315,2.529321705,109,109,8
9/21/2014,9/27/2014,BNOTIONS - NYT - US FORMER SUBSCRIBERS LAL - IPHONE - 02 - GLP,0,0,0,0,0,0,0,0,0,0,0,0,0,0
9/21/2014,9/27/2014,BNOTIONS - NYT - US REG LAL - ANDROID - GLP,0,0,0,0,0,0,0,0,0,0,0,0,0,0
9/21/2014,9/27/2014,BNOTIONS - NYT - CONNECTED TO PAGE - IPHONE - GLP,0,0,0,0,0,0,0,0,0,0,0,0,0,0
9/21/2014,9/27/2014,BNOTIONS - NYT - ANDROID PHONE - SUBSCRIBED USERS LAL 5% - 01 - GLP,52083,1.115853541,58117,367,338,0.6314847635,0.6489641534,845.69,14.55150816,16.23735192,2.304332425,93,93,7
9/21/2014,9/27/2014,BNOTIONS - NYT - IPAD - SUBSCRIBED USERS LAL 5% - GLP,0,0,0,0,0,0,0,0,0,0,0,0,0,0
9/21/2014,9/27/2014,BNOTIONS - NYT - IPHONE - US FORMER SUBS 10% - 01 - GLP,251700,1.283075089,322950,1077,1023,0.3334881561,0.4064362336,3100,9.599009135,12.3162495,2.878365831,284,284,20
9/21/2014,9/27/2014,BNOTIONS - NYT - IPHONE - BROAD TARGETING 45+ - 01 - GLP,79895,1.115226234,89101,466,422,0.5230019865,0.5281932536,1200,13.46786231,15.01971337,2.575107296,91,91,2
9/21/2014,9/27/2014,BNOTIONS - NYT - IPHONE - CONNECTED TO PAGE - 01 - GLP,10221,1.104588592,11290,48,44,0.4251550044,0.4304862538,117.81,10.43489814,11.52626945,2.454375,11,11,0
9/21/2014,9/27/2014,BNOTIONS - NYT - IPAD - SUBSCRIBED USERS LAL 5% - 01 - GLP,0,0,0,0,0,0,0,0,0,0,0,0,0,0
9/21/2014,9/27/2014,BNOTIONS - NYT - LAL FB REGGIES - IPHONE,0,0,0,0,0,0,0,0,0,0,0,0,0,0
9/21/2014,9/27/2014,BNNOTIONS - NYT - IPAD - US FORMER SUBS 5% - 01 - GLP,53015,1.132622843,60046,596,533,0.9925723612,1.005375837,1479.35,24.63694501,27.90436669,2.482130872,92,92,5
9/21/2014,9/27/2014,BNOTIONS - NYT - CUSTOM AUDIENCES - IPHONE - GLP,0,0,0,0,0,0,0,0,0,0,0,0,0,0
9/21/2014,9/27/2014,BNOTIONS - NYT - CUSTOM AUDIENCE - ANDROID - GLP,0,0,0,0,0,0,0,0,0,0,0,0,0,0
9/21/2014,9/27/2014,BNOTIONS - NYT - CUSTOM AUDIENCES - IPAD - GLP,0,0,0,0,0,0,0,0,0,0,0,0,0,0
9/21/2014,9/27/2014,BNOTIONS - NYT - US FORMER SUBSCRIBERS LAL - IPAD - GLP,0,0,0,0,0,0,0,0,0,0,0,0,0,0
9/21/2014,9/27/2014,BNOTIONS - NYT - US REG LAL - IPAD - GLP,0,0,0,0,0,0,0,0,0,0,0,0,0,0
9/21/2014,9/27/2014,BNOTIONS - NYT - US FORMER SUBSCRIBERS LAL - ANDROID - GLP,223133,1.444425522,322299,1821,1642,0.5650033044,0.7358839795,3200,9.928668721,14.3412225,1.757276222,593,593,15
9/21/2014,9/27/2014,BNOTIONS - NYT - REGI FB ACQ LAL - IPAD - GLP,0,0,0,0,0,0,0,0,0,0,0,0,0,0
9/21/2014,9/27/2014,BNOTIONS - NYT - CUSTOM AUDIENCES - IPAD - F 45-65 - GLP,0,0,0,0,0,0,0,0,0,0,0,0,0,0
9/21/2014,9/27/2014,BNOTIONS - NYT - BROAD - IPAD - GLP,0,0,0,0,0,0,0,0,0,0,0,0,0,0
9/21/2014,9/27/2014,BNOTIONS - NYT - CUSTOM AUDIENCES - IPAD - M 45-65 - GLP,0,0,0,0,0,0,0,0,0,0,0,0,0,0
9/21/2014,9/27/2014,BNOTIONS - NYT - CONNECTED TO PAGE - ANDROID - GLP,0,0,0,0,0,0,0,0,0,0,0,0,0,0
9/14/2014,9/20/2014,BNOTIONS - NYT - US FORMER SUBSCRIBERS LAL - IPHONE - 02 - GLP,0,0,0,0,0,0,0,0,0,0,0,0,0,0
9/14/2014,9/20/2014,BNOTIONS - NYT - IPAD - SUBSCRIBED USERS LAL 5% - GLP,0,0,0,0,0,0,0,0,0,0,0,0,0,0
9/14/2014,9/20/2014,BNOTIONS - NYT - BROAD - IPHONE - GLP,0,0,0,0,0,0,0,0,0,0,0,0,0,0
9/14/2014,9/20/2014,BNOTIONS - NYT - CUSTOM AUDIENCES - IPHONE - GLP,0,0,0,0,0,0,0,0,0,0,0,0,0,0
9/14/2014,9/20/2014,BNOTIONS - NYT - US FORMER SUBSCRIBERS LAL - IPHONE - GLP,0,0,0,0,0,0,0,0,0,0,0,0,0,0
9/14/2014,9/20/2014,BNOTIONS - NYT - BROAD - IPAD - GLP,0,0,0,0,0,0,0,0,0,0,0,0,0,0
9/14/2014,9/20/2014,BNOTIONS - NYT - CUSTOM AUDIENCES - IPAD - GLP,0,0,0,0,0,0,0,0,0,0,0,0,0,0
9/14/2014,9/20/2014,BNOTIONS - NYT - US REG LAL - ANDROID - GLP,0,0,0,0,0,0,0,0,0,0,0,0,0,0
9/14/2014,9/20/2014,BNOTIONS - NYT - IPHONE - US FORMER SUBS 10% - 01 - GLP,23360,1,23360,86,85,0.3681506849,0.363869863,236.13,10.10830479,10.10830479,2.745697674,21,21,3
9/14/2014,9/20/2014,BNOTIONS - NYT - ANDROID PHONE - US FORMER SUBSCRIBERS 10% - GLP,0,0,0,0,0,0,0,0,0,0,0,0,0,0
9/14/2014,9/20/2014,BNOTIONS - NYT - CONNECTED TO PAGE - ANDROID - GLP,102364,1.485883709,152101,837,736,0.55029224,0.7190027744,1496.66,9.839909008,14.62096049,1.788124253,368,368,1
9/14/2014,9/20/2014,BNOTIONS - NYT - CUSTOM AUDIENCES - IPAD - F 45-65 - GLP,0,0,0,0,0,0,0,0,0,0,0,0,0,0
9/14/2014,9/20/2014,BNNOTIONS - NYT - IPAD - US FORMER SUBS 5% - 01 - GLP,0,0,0,0,0,0,0,0,0,0,0,0,0,0
9/14/2014,9/20/2014,BNOTIONS - NYT - US FORMER SUBSCRIBERS LAL - ANDROID - GLP,174244,1.389993343,242198,1214,1068,0.5012427848,0.6129335874,2295.55,9.477989083,13.17434173,1.890897858,347,347,7
9/14/2014,9/20/2014,BNOTIONS - NYT - US FORMER SUBSCRIBERS LAL - IPAD - GLP,24190,1.072302604,25939,267,239,1.029338062,0.988011575,462.29,17.82219823,19.11078958,1.731423221,42,42,2
9/14/2014,9/20/2014,BNOTIONS - NYT - CUSTOM AUDIENCE - ANDROID - GLP,0,0,0,0,0,0,0,0,0,0,0,0,0,0
9/14/2014,9/20/2014,BNOTIONS - NYT - CUSTOM AUDIENCES - IPAD - M 45-65 - GLP,0,0,0,0,0,0,0,0,0,0,0,0,0,0
9/14/2014,9/20/2014,BNOTIONS - NYT - REGI FB ACQ LAL - ANDROID - GLP,127981,1.773247591,226942,1568,1342,0.6909254347,1.048593151,3295.61,14.52181615,25.75077551,2.101792092,635,624,14
9/14/2014,9/20/2014,BNOTIONS - NYT - US REG LAL - IPAD - GLP,0,0,0,0,0,0,0,0,0,0,0,0,0,0
9/14/2014,9/20/2014,BNOTIONS - NYT - ANDROID PHONE - SUBSCRIBED USERS LAL 5% - 01 - GLP,0,0,0,0,0,0,0,0,0,0,0,0,0,0
9/14/2014,9/20/2014,BNOTIONS - NYT - IPHONE - BROAD TARGETING 45+ - 01 - GLP,0,0,0,0,0,0,0,0,0,0,0,0,0,0
9/14/2014,9/20/2014,BNOTIONS - NYT - IPHONE - SUBSCRIBED USERS LAL 10% - 01 - GLP,26822,1.048691373,28128,155,144,0.5510523322,0.5368727164,347.45,12.35246018,12.95391843,2.241612903,31,31,2
9/14/2014,9/20/2014,BNOTIONS - NYT - IPAD - SUBSCRIBED USERS LAL 5% - 01 - GLP,7954,1.020995725,8121,67,58,0.8250215491,0.7291928589,166.54,20.50732668,20.93789288,2.485671642,9,9,0
9/14/2014,9/20/2014,BNOTIONS - NYT - IPAD - SUBSCRIBED USERS LAL 10% - 02 - GLP,40943,1.059521774,43380,451,418,1.039649608,1.020931539,946.67,21.82272937,23.12165694,2.099046563,39,39,1
9/14/2014,9/20/2014,BNOTIONS - NYT - IPHONE - SUBSCRIBERS LAL 10% - 01 - GLP,17788,1.080447493,19219,84,76,0.4370674853,0.4272543288,175.59,9.136271398,9.871261525,2.090357143,1,1,0
9/14/2014,9/20/2014,BNOTIONS - NYT - IPHONE - CONNECTED TO PAGE - 01 - GLP,0,0,0,0,0,0,0,0,0,0,0,0,0,0
9/14/2014,9/20/2014,BNOTIONS - NYT - CONNECTED TO PAGE - IPAD - GLP,78829,1.963820421,154806,1269,1135,0.8197356692,1.439825445,1893.6,12.23208403,24.02161641,1.492198582,303,298,1
9/14/2014,9/20/2014,BNOTIONS - NYT - REGI FB ACQ LAL - IPAD - GLP,0,0,0,0,0,0,0,0,0,0,0,0,0,0
9/14/2014,9/20/2014,BNOTIONS - NYT - LAL FB REGGIES - IPHONE,0,0,0,0,0,0,0,0,0,0,0,0,0,0
9/14/2014,9/20/2014,BNOTIONS - NYT - CONNECTED TO PAGE - IPHONE - GLP,0,0,0,0,0,0,0,0,0,0,0,0,0,0
9/7/2014,9/13/2014,BNOTIONS - NYT - BROAD - IPHONE - GLP,0,0,0,0,0,0,0,0,0,0,0,0,0,0
9/7/2014,9/13/2014,BNOTIONS - NYT - CUSTOM AUDIENCES - IPHONE - GLP,0,0,0,0,0,0,0,0,0,0,0,0,0,0
9/7/2014,9/13/2014,BNOTIONS - NYT - IPHONE - US FORMER SUBS 10% - 01 - GLP,0,0,0,0,0,0,0,0,0,0,0,0,0,0
9/7/2014,9/13/2014,BNOTIONS - NYT - CONNECTED TO PAGE - IPAD - GLP,88905,2.018997807,179499,1318,1149,0.7342659291,1.292390754,1950,10.86357027,21.93352455,1.479514416,335,332,1
9/7/2014,9/13/2014,BNOTIONS - NYT - IPAD - SUBSCRIBED USERS LAL 5% - 01 - GLP,0,0,0,0,0,0,0,0,0,0,0,0,0,0
9/7/2014,9/13/2014,BNOTIONS - NYT - IPHONE - SUBSCRIBED USERS LAL 10% - 01 - GLP,0,0,0,0,0,0,0,0,0,0,0,0,0,0
9/7/2014,9/13/2014,BNOTIONS - NYT - IPAD - SUBSCRIBED USERS LAL 10% - 02 - GLP,0,0,0,0,0,0,0,0,0,0,0,0,0,0
9/7/2014,9/13/2014,BNOTIONS - NYT - IPHONE - BROAD TARGETING 45+ - 01 - GLP,0,0,0,0,0,0,0,0,0,0,0,0,0,0
9/7/2014,9/13/2014,BNOTIONS - NYT - REGI FB ACQ LAL - ANDROID - GLP,112520,1.606230004,180733,1302,1145,0.7203997056,1.017596872,2499.99,13.8325043,22.21818343,1.920115207,554,554,17
9/7/2014,9/13/2014,BNOTIONS - NYT - IPAD - SUBSCRIBED USERS LAL 5% - GLP,0,0,0,0,0,0,0,0,0,0,0,0,0,0
9/7/2014,9/13/2014,BNOTIONS - NYT - US FORMER SUBSCRIBERS LAL - IPHONE - GLP,0,0,0,0,0,0,0,0,0,0,0,0,0,0
9/7/2014,9/13/2014,BNOTIONS - NYT - US REG LAL - ANDROID - GLP,110813,1.31027948,145196,739,652,0.5089671892,0.5883786198,1585.96,10.92289044,14.3120392,2.14608931,155,155,10
9/7/2014,9/13/2014,BNOTIONS - NYT - CONNECTED TO PAGE - IPHONE - GLP,0,0,0,0,0,0,0,0,0,0,0,0,0,0
9/7/2014,9/13/2014,BNOTIONS - NYT - BROAD - IPAD - GLP,0,0,0,0,0,0,0,0,0,0,0,0,0,0
9/7/2014,9/13/2014,BNOTIONS - NYT - IPHONE - CONNECTED TO PAGE - 01 - GLP,0,0,0,0,0,0,0,0,0,0,0,0,0,0
9/7/2014,9/13/2014,BNOTIONS - NYT - US REG LAL - IPAD - GLP,0,0,0,0,0,0,0,0,0,0,0,0,0,0
9/7/2014,9/13/2014,BNOTIONS - NYT - ANDROID PHONE - SUBSCRIBED USERS LAL 5% - 01 - GLP,0,0,0,0,0,0,0,0,0,0,0,0,0,0
9/7/2014,9/13/2014,BNOTIONS - NYT - ANDROID PHONE - US FORMER SUBSCRIBERS 10% - GLP,0,0,0,0,0,0,0,0,0,0,0,0,0,0
9/7/2014,9/13/2014,BNOTIONS - NYT - IPHONE - SUBSCRIBERS LAL 10% - 01 - GLP,0,0,0,0,0,0,0,0,0,0,0,0,0,0
9/7/2014,9/13/2014,BNOTIONS - NYT - REGI FB ACQ LAL - IPAD - GLP,0,0,0,0,0,0,0,0,0,0,0,0,0,0
9/7/2014,9/13/2014,BNNOTIONS - NYT - IPAD - US FORMER SUBS 5% - 01 - GLP,0,0,0,0,0,0,0,0,0,0,0,0,0,0
9/7/2014,9/13/2014,BNOTIONS - NYT - CUSTOM AUDIENCES - IPAD - F 45-65 - GLP,0,0,0,0,0,0,0,0,0,0,0,0,0,0
9/7/2014,9/13/2014,BNOTIONS - NYT - CUSTOM AUDIENCES - IPAD - GLP,0,0,0,0,0,0,0,0,0,0,0,0,0,0
9/7/2014,9/13/2014,BNOTIONS - NYT - US FORMER SUBSCRIBERS LAL - IPHONE - 02 - GLP,0,0,0,0,0,0,0,0,0,0,0,0,0,0
9/7/2014,9/13/2014,BNOTIONS - NYT - US FORMER SUBSCRIBERS LAL - IPAD - GLP,60954,1.430357319,87186,839,731,0.9623104627,1.19926502,1375.78,15.77982704,22.57079109,1.639785459,154,154,8
9/7/2014,9/13/2014,BNOTIONS - NYT - CUSTOM AUDIENCE - ANDROID - GLP,0,0,0,0,0,0,0,0,0,0,0,0,0,0
9/7/2014,9/13/2014,BNOTIONS - NYT - US FORMER SUBSCRIBERS LAL - ANDROID - GLP,126947,1.268222171,160997,917,813,0.5695758306,0.6404247442,1499.98,9.316819568,11.81579714,1.635747001,247,247,8
9/7/2014,9/13/2014,BNOTIONS - NYT - CONNECTED TO PAGE - ANDROID - GLP,158178,2.259732706,357440,2145,1890,0.6001007162,1.194856428,3450.96,9.654655327,21.81694041,1.608839161,966,958,4
9/7/2014,9/13/2014,BNOTIONS - NYT - LAL FB REGGIES - IPHONE,0,0,0,0,0,0,0,0,0,0,0,0,0,0
9/7/2014,9/13/2014,BNOTIONS - NYT - CUSTOM AUDIENCES - IPAD - M 45-65 - GLP,0,0,0,0,0,0,0,0,0,0,0,0,0,0
8/31/2014,9/6/2014,BNOTIONS - NYT - US FORMER SUBSCRIBERS LAL - IPAD - GLP,71658,1.536813754,110125,1076,880,0.9770715096,1.228055486,1400,12.71282633,19.53724636,1.301115242,304,290,17
8/31/2014,9/6/2014,BNOTIONS - NYT - CUSTOM AUDIENCE - ANDROID - GLP,14515,1.102307957,16000,93,77,0.58125,0.5304857044,139.2,8.7,9.590079228,1.496774194,34,29,2
8/31/2014,9/6/2014,BNOTIONS - NYT - BROAD - IPHONE - GLP,0,0,0,0,0,0,0,0,0,0,0,0,0,0
8/31/2014,9/6/2014,BNOTIONS - NYT - US FORMER SUBSCRIBERS LAL - ANDROID - GLP,210171,1.593630901,334935,1547,1255,0.4618806634,0.5971328109,2900,8.658396405,13.79828806,1.874595992,474,436,20
8/31/2014,9/6/2014,BNOTIONS - NYT - IPAD - SUBSCRIBED USERS LAL 5% - GLP,0,0,0,0,0,0,0,0,0,0,0,0,0,0
8/31/2014,9/6/2014,BNOTIONS - NYT - IPAD - SUBSCRIBED USERS LAL 10% - 02 - GLP,0,0,0,0,0,0,0,0,0,0,0,0,0,0
8/31/2014,9/6/2014,BNOTIONS - NYT - IPAD - SUBSCRIBED USERS LAL 5% - 01 - GLP,0,0,0,0,0,0,0,0,0,0,0,0,0,0
8/31/2014,9/6/2014,BNOTIONS - NYT - US FORMER SUBSCRIBERS LAL - IPHONE - GLP,0,0,0,0,0,0,0,0,0,0,0,0,0,0
8/31/2014,9/6/2014,BNOTIONS - NYT - CONNECTED TO PAGE - IPHONE - GLP,0,0,0,0,0,0,0,0,0,0,0,0,0,0
8/31/2014,9/6/2014,BNOTIONS - NYT - US REG LAL - IPAD - GLP,16177,1.05921988,17135,80,73,0.4668806536,0.4512579588,178.67,10.4271958,11.04469308,2.233375,5,5,1
8/31/2014,9/6/2014,BNOTIONS - NYT - ANDROID PHONE - US FORMER SUBSCRIBERS 10% - GLP,0,0,0,0,0,0,0,0,0,0,0,0,0,0
8/31/2014,9/6/2014,BNNOTIONS - NYT - IPAD - US FORMER SUBS 5% - 01 - GLP,0,0,0,0,0,0,0,0,0,0,0,0,0,0
8/31/2014,9/6/2014,BNOTIONS - NYT - CONNECTED TO PAGE - IPAD - GLP,80967,2.213914311,179254,1331,1062,0.7425217847,1.311645485,1924.99,10.73889565,23.77499475,1.446273479,468,434,1
8/31/2014,9/6/2014,BNOTIONS - NYT - CUSTOM AUDIENCES - IPAD - M 45-65 - GLP,0,0,0,0,0,0,0,0,0,0,0,0,0,0
8/31/2014,9/6/2014,BNOTIONS - NYT - IPHONE - SUBSCRIBED USERS LAL 10% - 01 - GLP,0,0,0,0,0,0,0,0,0,0,0,0,0,0
8/31/2014,9/6/2014,BNOTIONS - NYT - REGI FB ACQ LAL - IPAD - GLP,0,0,0,0,0,0,0,0,0,0,0,0,0,0
8/31/2014,9/6/2014,BNOTIONS - NYT - CUSTOM AUDIENCES - IPAD - F 45-65 - GLP,0,0,0,0,0,0,0,0,0,0,0,0,0,0
8/31/2014,9/6/2014,BNOTIONS - NYT - IPHONE - BROAD TARGETING 45+ - 01 - GLP,0,0,0,0,0,0,0,0,0,0,0,0,0,0
8/31/2014,9/6/2014,BNOTIONS - NYT - CONNECTED TO PAGE - ANDROID - GLP,141019,2.573312816,362886,2107,1722,0.5806231158,1.221112049,3499.98,9.644847142,24.81920876,1.661120076,1105,1039,6
8/31/2014,9/6/2014,BNOTIONS - NYT - ANDROID PHONE - SUBSCRIBED USERS LAL 5% - 01 - GLP,0,0,0,0,0,0,0,0,0,0,0,0,0,0
8/31/2014,9/6/2014,BNOTIONS - NYT - REGI FB ACQ LAL - ANDROID - GLP,109209,1.77931306,194317,1812,1414,0.9324968994,1.294765083,2450,12.60826382,22.43404848,1.35209713,843,780,28
8/31/2014,9/6/2014,BNOTIONS - NYT - IPHONE - CONNECTED TO PAGE - 01 - GLP,0,0,0,0,0,0,0,0,0,0,0,0,0,0
8/31/2014,9/6/2014,BNOTIONS - NYT - IPHONE - SUBSCRIBERS LAL 10% - 01 - GLP,0,0,0,0,0,0,0,0,0,0,0,0,0,0
8/31/2014,9/6/2014,BNOTIONS - NYT - IPHONE - US FORMER SUBS 10% - 01 - GLP,0,0,0,0,0,0,0,0,0,0,0,0,0,0
8/31/2014,9/6/2014,BNOTIONS - NYT - US REG LAL - ANDROID - GLP,13058,1.02557819,13392,53,51,0.3957586619,0.3905651708,113.69,8.489396655,8.706540052,2.14509434,16,16,2
8/31/2014,9/6/2014,BNOTIONS - NYT - LAL FB REGGIES - IPHONE,0,0,0,0,0,0,0,0,0,0,0,0,0,0
8/31/2014,9/6/2014,BNOTIONS - NYT - BROAD - IPAD - GLP,0,0,0,0,0,0,0,0,0,0,0,0,0,0
8/31/2014,9/6/2014,BNOTIONS - NYT - US FORMER SUBSCRIBERS LAL - IPHONE - 02 - GLP,0,0,0,0,0,0,0,0,0,0,0,0,0,0
8/31/2014,9/6/2014,BNOTIONS - NYT - CUSTOM AUDIENCES - IPAD - GLP,0,0,0,0,0,0,0,0,0,0,0,0,0,0
8/31/2014,9/6/2014,BNOTIONS - NYT - CUSTOM AUDIENCES - IPHONE - GLP,0,0,0,0,0,0,0,0,0,0,0,0,0,0
8/24/2014,8/30/2014,BNOTIONS - NYT - REGI FB ACQ LAL - IPAD - GLP,6948,1.034542314,7188,47,42,0.653867557,0.6044905009,116.65,16.22843628,16.78900403,2.481914894,9,9,2
8/24/2014,8/30/2014,BNNOTIONS - NYT - IPAD - US FORMER SUBS 5% - 01 - GLP,0,0,0,0,0,0,0,0,0,0,0,0,0,0
8/24/2014,8/30/2014,BNOTIONS - NYT - ANDROID PHONE - US FORMER SUBSCRIBERS 10% - GLP,0,0,0,0,0,0,0,0,0,0,0,0,0,0
8/24/2014,8/30/2014,BNOTIONS - NYT - CONNECTED TO PAGE - IPAD - GLP,77212,1.961599233,151459,1246,1071,0.8226648796,1.38709009,1826.88,12.06187813,23.6605709,1.466195827,431,424,1
8/24/2014,8/30/2014,BNOTIONS - NYT - CUSTOM AUDIENCES - IPAD - M 45-65 - GLP,11336,1.150582216,13043,77,68,0.5903549797,0.5998588567,232.42,17.81952005,20.50282287,3.018441558,14,14,0
8/24/2014,8/30/2014,BNOTIONS - NYT - BROAD - IPAD - GLP,0,0,0,0,0,0,0,0,0,0,0,0,0,0
8/24/2014,8/30/2014,BNOTIONS - NYT - IPAD - SUBSCRIBED USERS LAL 5% - GLP,0,0,0,0,0,0,0,0,0,0,0,0,0,0
8/24/2014,8/30/2014,BNOTIONS - NYT - CUSTOM AUDIENCES - IPAD - F 45-65 - GLP,10851,1.140079255,12371,140,120,1.131678927,1.105888858,240.78,19.46326085,22.18965994,1.719857143,16,16,0
8/24/2014,8/30/2014,BNOTIONS - NYT - IPHONE - BROAD TARGETING 45+ - 01 - GLP,0,0,0,0,0,0,0,0,0,0,0,0,0,0
8/24/2014,8/30/2014,BNOTIONS - NYT - REGI FB ACQ LAL - ANDROID - GLP,17840,1.172869955,20924,237,195,1.132670617,1.093049327,356.24,17.02542535,19.96860987,1.503122363,96,91,3
8/24/2014,8/30/2014,BNOTIONS - NYT - CUSTOM AUDIENCES - IPHONE - GLP,0,0,0,0,0,0,0,0,0,0,0,0,0,0
8/24/2014,8/30/2014,BNOTIONS - NYT - IPHONE - SUBSCRIBERS LAL 10% - 01 - GLP,0,0,0,0,0,0,0,0,0,0,0,0,0,0
8/24/2014,8/30/2014,BNOTIONS - NYT - IPHONE - CONNECTED TO PAGE - 01 - GLP,0,0,0,0,0,0,0,0,0,0,0,0,0,0
8/24/2014,8/30/2014,BNOTIONS - NYT - IPHONE - SUBSCRIBED USERS LAL 10% - 01 - GLP,0,0,0,0,0,0,0,0,0,0,0,0,0,0
8/24/2014,8/30/2014,BNOTIONS - NYT - IPHONE - US FORMER SUBS 10% - 01 - GLP,0,0,0,0,0,0,0,0,0,0,0,0,0,0
8/24/2014,8/30/2014,BNOTIONS - NYT - IPAD - SUBSCRIBED USERS LAL 10% - 02 - GLP,0,0,0,0,0,0,0,0,0,0,0,0,0,0
8/24/2014,8/30/2014,BNOTIONS - NYT - CONNECTED TO PAGE - IPHONE - GLP,0,0,0,0,0,0,0,0,0,0,0,0,0,0
8/24/2014,8/30/2014,BNOTIONS - NYT - IPAD - SUBSCRIBED USERS LAL 5% - 01 - GLP,0,0,0,0,0,0,0,0,0,0,0,0,0,0
8/24/2014,8/30/2014,BNOTIONS - NYT - CUSTOM AUDIENCES - IPAD - GLP,43722,1.160422671,50736,416,381,0.8199306213,0.8714148484,704.25,13.88067644,16.10745163,1.692908654,126,125,3
8/24/2014,8/30/2014,BNOTIONS - NYT - ANDROID PHONE - SUBSCRIBED USERS LAL 5% - 01 - GLP,0,0,0,0,0,0,0,0,0,0,0,0,0,0
8/24/2014,8/30/2014,BNOTIONS - NYT - US REG LAL - ANDROID - GLP,0,0,0,0,0,0,0,0,0,0,0,0,0,0
8/24/2014,8/30/2014,BNOTIONS - NYT - LAL FB REGGIES - IPHONE,0,0,0,0,0,0,0,0,0,0,0,0,0,0
8/24/2014,8/30/2014,BNOTIONS - NYT - BROAD - IPHONE - GLP,0,0,0,0,0,0,0,0,0,0,0,0,0,0
8/24/2014,8/30/2014,BNOTIONS - NYT - US FORMER SUBSCRIBERS LAL - ANDROID - GLP,205870,1.638864332,337393,1564,1388,0.4635543713,0.6742118813,3899.73,11.55842,18.94268228,2.493433504,569,550,17
8/24/2014,8/30/2014,BNOTIONS - NYT - US FORMER SUBSCRIBERS LAL - IPHONE - GLP,0,0,0,0,0,0,0,0,0,0,0,0,0,0
8/24/2014,8/30/2014,BNOTIONS - NYT - US REG LAL - IPAD - GLP,0,0,0,0,0,0,0,0,0,0,0,0,0,0
8/24/2014,8/30/2014,BNOTIONS - NYT - US FORMER SUBSCRIBERS LAL - IPAD - GLP,91221,1.204514311,109877,1144,994,1.041164211,1.089661372,1530.15,13.92602637,16.77409807,1.337543706,269,268,10
8/24/2014,8/30/2014,BNOTIONS - NYT - CONNECTED TO PAGE - ANDROID - GLP,146649,2.424469311,355546,2340,1936,0.6581426876,1.320159019,3700,10.40652968,25.23031183,1.581196581,1233,1214,4
8/24/2014,8/30/2014,BNOTIONS - NYT - CUSTOM AUDIENCE - ANDROID - GLP,148284,1.899469936,281661,1144,982,0.4061620175,0.6622427234,3103.09,11.01710922,20.92666775,2.712491259,351,341,9
8/24/2014,8/30/2014,BNOTIONS - NYT - US FORMER SUBSCRIBERS LAL - IPHONE - 02 - GLP,0,0,0,0,0,0,0,0,0,0,0,0,0,0
8/17/2014,8/23/2014,BNOTIONS - NYT - IPAD - SUBSCRIBED USERS LAL 5% - 01 - GLP,0,0,0,0,0,0,0,0,0,0,0,0,0,0
8/17/2014,8/23/2014,BNOTIONS - NYT - US FORMER SUBSCRIBERS LAL - ANDROID - GLP,148565,2.394016087,355667,1517,1355,0.4265225618,0.9120586948,4100,11.52763681,27.59734796,2.702702703,624,614,23
8/17/2014,8/23/2014,BNOTIONS - NYT - IPHONE - CONNECTED TO PAGE - 01 - GLP,0,0,0,0,0,0,0,0,0,0,0,0,0,0
8/17/2014,8/23/2014,BNOTIONS - NYT - IPHONE - US FORMER SUBS 10% - 01 - GLP,0,0,0,0,0,0,0,0,0,0,0,0,0,0
8/17/2014,8/23/2014,BNOTIONS - NYT - US REG LAL - IPAD - GLP,0,0,0,0,0,0,0,0,0,0,0,0,0,0
8/17/2014,8/23/2014,BNNOTIONS - NYT - IPAD - US FORMER SUBS 5% - 01 - GLP,0,0,0,0,0,0,0,0,0,0,0,0,0,0
8/17/2014,8/23/2014,BNOTIONS - NYT - CONNECTED TO PAGE - IPHONE - GLP,0,0,0,0,0,0,0,0,0,0,0,0,0,0
8/17/2014,8/23/2014,BNOTIONS - NYT - IPHONE - SUBSCRIBERS LAL 10% - 01 - GLP,0,0,0,0,0,0,0,0,0,0,0,0,0,0
8/17/2014,8/23/2014,BNOTIONS - NYT - US REG LAL - ANDROID - GLP,0,0,0,0,0,0,0,0,0,0,0,0,0,0
8/17/2014,8/23/2014,BNOTIONS - NYT - IPAD - SUBSCRIBED USERS LAL 10% - 02 - GLP,0,0,0,0,0,0,0,0,0,0,0,0,0,0
8/17/2014,8/23/2014,BNOTIONS - NYT - BROAD - IPHONE - GLP,0,0,0,0,0,0,0,0,0,0,0,0,0,0
8/17/2014,8/23/2014,BNOTIONS - NYT - CUSTOM AUDIENCE - ANDROID - GLP,210191,1.944388675,408693,1659,1498,0.4059281661,0.7126851292,4100,10.03197999,19.50606829,2.471368294,599,594,14
8/17/2014,8/23/2014,BNOTIONS - NYT - ANDROID PHONE - SUBSCRIBED USERS LAL 5% - 01 - GLP,0,0,0,0,0,0,0,0,0,0,0,0,0,0
8/17/2014,8/23/2014,BNOTIONS - NYT - CUSTOM AUDIENCES - IPAD - GLP,148520,1.382722866,205362,1497,1317,0.7289566716,0.8867492594,2533.42,12.33636213,17.05777,1.692331329,433,430,14
8/17/2014,8/23/2014,BNOTIONS - NYT - LAL FB REGGIES - IPHONE,0,0,0,0,0,0,0,0,0,0,0,0,0,0
8/17/2014,8/23/2014,BNOTIONS - NYT - US FORMER SUBSCRIBERS LAL - IPAD - GLP,151147,1.200903756,181513,1647,1422,0.9073730256,0.9408059703,2625,14.46177409,17.36719882,1.593806922,426,424,22
8/17/2014,8/23/2014,BNOTIONS - NYT - CONNECTED TO PAGE - IPAD - GLP,97005,2.040771094,197965,1666,1460,0.8415629025,1.505077058,2225,11.23936049,22.93696201,1.335534214,556,549,2
8/17/2014,8/23/2014,BNOTIONS - NYT - IPHONE - SUBSCRIBED USERS LAL 10% - 01 - GLP,0,0,0,0,0,0,0,0,0,0,0,0,0,0
8/17/2014,8/23/2014,BNOTIONS - NYT - CUSTOM AUDIENCES - IPHONE - GLP,0,0,0,0,0,0,0,0,0,0,0,0,0,0
8/17/2014,8/23/2014,BNOTIONS - NYT - IPAD - SUBSCRIBED USERS LAL 5% - GLP,0,0,0,0,0,0,0,0,0,0,0,0,0,0
8/17/2014,8/23/2014,BNOTIONS - NYT - CUSTOM AUDIENCES - IPAD - F 45-65 - GLP,0,0,0,0,0,0,0,0,0,0,0,0,0,0
8/17/2014,8/23/2014,BNOTIONS - NYT - BROAD - IPAD - GLP,0,0,0,0,0,0,0,0,0,0,0,0,0,0
8/17/2014,8/23/2014,BNOTIONS - NYT - US FORMER SUBSCRIBERS LAL - IPHONE - 02 - GLP,0,0,0,0,0,0,0,0,0,0,0,0,0,0
8/17/2014,8/23/2014,BNOTIONS - NYT - CUSTOM AUDIENCES - IPAD - M 45-65 - GLP,0,0,0,0,0,0,0,0,0,0,0,0,0,0
8/17/2014,8/23/2014,BNOTIONS - NYT - CONNECTED TO PAGE - ANDROID - GLP,162990,2.14658568,349872,2798,2399,0.7997210408,1.47186944,3900,11.14693374,23.92784833,1.393852752,1418,1400,3
8/17/2014,8/23/2014,BNOTIONS - NYT - US FORMER SUBSCRIBERS LAL - IPHONE - GLP,0,0,0,0,0,0,0,0,0,0,0,0,0,0
8/17/2014,8/23/2014,BNOTIONS - NYT - REGI FB ACQ LAL - ANDROID - GLP,0,0,0,0,0,0,0,0,0,0,0,0,0,0
8/17/2014,8/23/2014,BNOTIONS - NYT - ANDROID PHONE - US FORMER SUBSCRIBERS 10% - GLP,0,0,0,0,0,0,0,0,0,0,0,0,0,0
8/17/2014,8/23/2014,BNOTIONS - NYT - IPHONE - BROAD TARGETING 45+ - 01 - GLP,0,0,0,0,0,0,0,0,0,0,0,0,0,0
8/17/2014,8/23/2014,BNOTIONS - NYT - REGI FB ACQ LAL - IPAD - GLP,0,0,0,0,0,0,0,0,0,0,0,0,0,0
8/10/2014,8/16/2014,BNOTIONS - NYT - US FORMER SUBSCRIBERS LAL - IPAD - GLP,195675,1.247277373,244061,2379,2078,0.9747563109,1.061964993,3500,14.34067713,17.8868021,1.471206389,622,614,25
8/10/2014,8/16/2014,BNOTIONS - NYT - LAL FB REGGIES - IPHONE,0,0,0,0,0,0,0,0,0,0,0,0,0,0
8/10/2014,8/16/2014,BNOTIONS - NYT - IPHONE - US FORMER SUBS 10% - 01 - GLP,0,0,0,0,0,0,0,0,0,0,0,0,0,0
8/10/2014,8/16/2014,BNOTIONS - NYT - US FORMER SUBSCRIBERS LAL - ANDROID - GLP,96029,2.143717002,205859,923,835,0.4483651431,0.8695289964,2100,10.2011571,21.86839392,2.275189599,427,425,8
8/10/2014,8/16/2014,BNOTIONS - NYT - IPHONE - SUBSCRIBED USERS LAL 10% - 01 - GLP,0,0,0,0,0,0,0,0,0,0,0,0,0,0
8/10/2014,8/16/2014,BNOTIONS - NYT - REGI FB ACQ LAL - ANDROID - GLP,0,0,0,0,0,0,0,0,0,0,0,0,0,0
8/10/2014,8/16/2014,BNOTIONS - NYT - US REG LAL - ANDROID - GLP,0,0,0,0,0,0,0,0,0,0,0,0,0,0
8/10/2014,8/16/2014,BNOTIONS - NYT - CUSTOM AUDIENCES - IPAD - M 45-65 - GLP,0,0,0,0,0,0,0,0,0,0,0,0,0,0
8/10/2014,8/16/2014,BNOTIONS - NYT - CUSTOM AUDIENCES - IPAD - F 45-65 - GLP,0,0,0,0,0,0,0,0,0,0,0,0,0,0
8/10/2014,8/16/2014,BNOTIONS - NYT - US FORMER SUBSCRIBERS LAL - IPHONE - 02 - GLP,94914,1.057462545,100368,717,625,0.7143711143,0.6584908443,1151.79,11.47566954,12.13509071,1.606401674,91,90,6
8/10/2014,8/16/2014,BNOTIONS - NYT - CONNECTED TO PAGE - ANDROID - GLP,45904,1.551803764,71234,593,509,0.8324676419,1.108835831,691.66,9.709689193,15.06753224,1.166374368,317,317,0
8/10/2014,8/16/2014,BNOTIONS - NYT - REGI FB ACQ LAL - IPAD - GLP,0,0,0,0,0,0,0,0,0,0,0,0,0,0
8/10/2014,8/16/2014,BNOTIONS - NYT - CUSTOM AUDIENCES - IPAD - GLP,144690,1.669362084,241540,1894,1610,0.7841351329,1.112723754,3150,13.04131821,21.77068215,1.663146779,531,520,18
8/10/2014,8/16/2014,BNOTIONS - NYT - CUSTOM AUDIENCE - ANDROID - GLP,133550,1.822306252,243369,1115,992,0.4581520243,0.7427929614,2100,8.628872206,15.72444777,1.883408072,411,410,14
8/10/2014,8/16/2014,BNOTIONS - NYT - IPAD - SUBSCRIBED USERS LAL 10% - 02 - GLP,0,0,0,0,0,0,0,0,0,0,0,0,0,0
8/10/2014,8/16/2014,BNNOTIONS - NYT - IPAD - US FORMER SUBS 5% - 01 - GLP,0,0,0,0,0,0,0,0,0,0,0,0,0,0
8/10/2014,8/16/2014,BNOTIONS - NYT - IPAD - SUBSCRIBED USERS LAL 5% - 01 - GLP,0,0,0,0,0,0,0,0,0,0,0,0,0,0
8/10/2014,8/16/2014,BNOTIONS - NYT - US REG LAL - IPAD - GLP,0,0,0,0,0,0,0,0,0,0,0,0,0,0
8/10/2014,8/16/2014,BNOTIONS - NYT - IPHONE - SUBSCRIBERS LAL 10% - 01 - GLP,0,0,0,0,0,0,0,0,0,0,0,0,0,0
8/10/2014,8/16/2014,BNOTIONS - NYT - CONNECTED TO PAGE - IPAD - GLP,95067,2.024088275,192424,1890,1613,0.9822059618,1.696698118,2100,10.91339958,22.08968412,1.111111111,621,613,5
8/10/2014,8/16/2014,BNOTIONS - NYT - BROAD - IPAD - GLP,0,0,0,0,0,0,0,0,0,0,0,0,0,0
8/10/2014,8/16/2014,BNOTIONS - NYT - IPAD - SUBSCRIBED USERS LAL 5% - GLP,0,0,0,0,0,0,0,0,0,0,0,0,0,0
8/10/2014,8/16/2014,BNOTIONS - NYT - ANDROID PHONE - SUBSCRIBED USERS LAL 5% - 01 - GLP,0,0,0,0,0,0,0,0,0,0,0,0,0,0
8/10/2014,8/16/2014,BNOTIONS - NYT - US FORMER SUBSCRIBERS LAL - IPHONE - GLP,0,0,0,0,0,0,0,0,0,0,0,0,0,0
8/10/2014,8/16/2014,BNOTIONS - NYT - CONNECTED TO PAGE - IPHONE - GLP,0,0,0,0,0,0,0,0,0,0,0,0,0,0
8/10/2014,8/16/2014,BNOTIONS - NYT - IPHONE - CONNECTED TO PAGE - 01 - GLP,0,0,0,0,0,0,0,0,0,0,0,0,0,0
8/10/2014,8/16/2014,BNOTIONS - NYT - BROAD - IPHONE - GLP,0,0,0,0,0,0,0,0,0,0,0,0,0,0
8/10/2014,8/16/2014,BNOTIONS - NYT - CUSTOM AUDIENCES - IPHONE - GLP,0,0,0,0,0,0,0,0,0,0,0,0,0,0
8/10/2014,8/16/2014,BNOTIONS - NYT - ANDROID PHONE - US FORMER SUBSCRIBERS 10% - GLP,0,0,0,0,0,0,0,0,0,0,0,0,0,0
8/10/2014,8/16/2014,BNOTIONS - NYT - IPHONE - BROAD TARGETING 45+ - 01 - GLP,0,0,0,0,0,0,0,0,0,0,0,0,0,0
8/3/2014,8/9/2014,BNOTIONS - NYT - CONNECTED TO PAGE - IPHONE - GLP,34543,1.134064789,39174,238,216,0.6075458212,0.6253075876,308.63,7.878439781,8.934661147,1.296764706,33,33,0
8/3/2014,8/9/2014,BNOTIONS - NYT - CONNECTED TO PAGE - ANDROID - GLP,0,0,0,0,0,0,0,0,0,0,0,0,0,0
8/3/2014,8/9/2014,BNOTIONS - NYT - IPAD - SUBSCRIBED USERS LAL 10% - 02 - GLP,0,0,0,0,0,0,0,0,0,0,0,0,0,0
8/3/2014,8/9/2014,BNOTIONS - NYT - CUSTOM AUDIENCES - IPAD - GLP,182936,1.616723882,295757,2534,2205,0.8567844548,1.205339572,3150,10.65063549,17.21913675,1.243093923,693,687,31
8/3/2014,8/9/2014,BNOTIONS - NYT - US FORMER SUBSCRIBERS LAL - ANDROID - GLP,119924,2.019103766,242139,1331,1172,0.5496842723,0.9772856142,2100,8.672704521,17.51109036,1.577761082,591,585,14
8/3/2014,8/9/2014,BNOTIONS - NYT - CUSTOM AUDIENCES - IPAD - M 45-65 - GLP,0,0,0,0,0,0,0,0,0,0,0,0,0,0
8/3/2014,8/9/2014,BNNOTIONS - NYT - IPAD - US FORMER SUBS 5% - 01 - GLP,0,0,0,0,0,0,0,0,0,0,0,0,0,0
8/3/2014,8/9/2014,BNOTIONS - NYT - IPHONE - SUBSCRIBERS LAL 10% - 01 - GLP,0,0,0,0,0,0,0,0,0,0,0,0,0,0
8/3/2014,8/9/2014,BNOTIONS - NYT - BROAD - IPAD - GLP,95395,1.073316212,102389,392,364,0.3828536269,0.3815713612,740.49,7.232124545,7.762356518,1.889005102,79,79,5
8/3/2014,8/9/2014,BNOTIONS - NYT - REGI FB ACQ LAL - ANDROID - GLP,0,0,0,0,0,0,0,0,0,0,0,0,0,0
8/3/2014,8/9/2014,BNOTIONS - NYT - REGI FB ACQ LAL - IPAD - GLP,0,0,0,0,0,0,0,0,0,0,0,0,0,0
8/3/2014,8/9/2014,BNOTIONS - NYT - IPAD - SUBSCRIBED USERS LAL 5% - GLP,0,0,0,0,0,0,0,0,0,0,0,0,0,0
8/3/2014,8/9/2014,BNOTIONS - NYT - US FORMER SUBSCRIBERS LAL - IPHONE - 02 - GLP,162777,1.18293125,192554,1977,1661,1.026724971,1.020414432,2450,12.72370348,15.05126646,1.239251391,363,361,20
8/3/2014,8/9/2014,BNOTIONS - NYT - ANDROID PHONE - US FORMER SUBSCRIBERS 10% - GLP,0,0,0,0,0,0,0,0,0,0,0,0,0,0
8/3/2014,8/9/2014,BNOTIONS - NYT - IPAD - SUBSCRIBED USERS LAL 5% - 01 - GLP,0,0,0,0,0,0,0,0,0,0,0,0,0,0
8/3/2014,8/9/2014,BNOTIONS - NYT - US FORMER SUBSCRIBERS LAL - IPHONE - GLP,0,0,0,0,0,0,0,0,0,0,0,0,0,0
8/3/2014,8/9/2014,BNOTIONS - NYT - ANDROID PHONE - SUBSCRIBED USERS LAL 5% - 01 - GLP,0,0,0,0,0,0,0,0,0,0,0,0,0,0
8/3/2014,8/9/2014,BNOTIONS - NYT - US REG LAL - IPAD - GLP,0,0,0,0,0,0,0,0,0,0,0,0,0,0
8/3/2014,8/9/2014,BNOTIONS - NYT - CUSTOM AUDIENCES - IPAD - F 45-65 - GLP,0,0,0,0,0,0,0,0,0,0,0,0,0,0
8/3/2014,8/9/2014,BNOTIONS - NYT - US REG LAL - ANDROID - GLP,0,0,0,0,0,0,0,0,0,0,0,0,0,0
8/3/2014,8/9/2014,BNOTIONS - NYT - CONNECTED TO PAGE - IPAD - GLP,41896,1.34614283,56398,674,588,1.19507784,1.403475272,750,13.29834391,17.90147031,1.112759644,211,211,1
8/3/2014,8/9/2014,BNOTIONS - NYT - CUSTOM AUDIENCE - ANDROID - GLP,155543,1.767408369,274908,1423,1243,0.5176277155,0.7991359303,2100,7.638919202,13.50108973,1.475755446,575,575,13
8/3/2014,8/9/2014,BNOTIONS - NYT - IPHONE - SUBSCRIBED USERS LAL 10% - 01 - GLP,0,0,0,0,0,0,0,0,0,0,0,0,0,0
8/3/2014,8/9/2014,BNOTIONS - NYT - CUSTOM AUDIENCES - IPHONE - GLP,17848,1.056196773,18851,90,80,0.4774282531,0.4482294935,131.53,6.977348682,7.36945316,1.461444444,10,10,1
8/3/2014,8/9/2014,BNOTIONS - NYT - BROAD - IPHONE - GLP,0,0,0,0,0,0,0,0,0,0,0,0,0,0
8/3/2014,8/9/2014,BNOTIONS - NYT - IPHONE - CONNECTED TO PAGE - 01 - GLP,0,0,0,0,0,0,0,0,0,0,0,0,0,0
8/3/2014,8/9/2014,BNOTIONS - NYT - IPHONE - US FORMER SUBS 10% - 01 - GLP,0,0,0,0,0,0,0,0,0,0,0,0,0,0
8/3/2014,8/9/2014,BNOTIONS - NYT - LAL FB REGGIES - IPHONE,0,0,0,0,0,0,0,0,0,0,0,0,0,0
8/3/2014,8/9/2014,BNOTIONS - NYT - US FORMER SUBSCRIBERS LAL - IPAD - GLP,278038,1.188146944,330350,3194,2776,0.9668533374,0.9984246758,3499.98,10.59476313,12.58813543,1.095798372,871,863,30
8/3/2014,8/9/2014,BNOTIONS - NYT - IPHONE - BROAD TARGETING 45+ - 01 - GLP,0,0,0,0,0,0,0,0,0,0,0,0,0,0
7/27/2014,8/2/2014,BNOTIONS - NYT - IPAD - SUBSCRIBED USERS LAL 5% - GLP,0,0,0,0,0,0,0,0,0,0,0,0,0,0
7/27/2014,8/2/2014,BNOTIONS - NYT - ANDROID PHONE - US FORMER SUBSCRIBERS 10% - GLP,0,0,0,0,0,0,0,0,0,0,0,0,0,0
7/27/2014,8/2/2014,BNOTIONS - NYT - CUSTOM AUDIENCES - IPAD - F 45-65 - GLP,0,0,0,0,0,0,0,0,0,0,0,0,0,0
7/27/2014,8/2/2014,BNOTIONS - NYT - IPHONE - US FORMER SUBS 10% - 01 - GLP,0,0,0,0,0,0,0,0,0,0,0,0,0,0
7/27/2014,8/2/2014,BNOTIONS - NYT - CUSTOM AUDIENCE - ANDROID - GLP,59794,1.177559621,70411,659,591,0.9359333059,0.9883934843,756.23,10.74022525,12.64725558,1.14754173,280,279,3
7/27/2014,8/2/2014,BNOTIONS - NYT - REGI FB ACQ LAL - IPAD - GLP,0,0,0,0,0,0,0,0,0,0,0,0,0,0
7/27/2014,8/2/2014,BNOTIONS - NYT - CUSTOM AUDIENCES - IPAD - M 45-65 - GLP,0,0,0,0,0,0,0,0,0,0,0,0,0,0
7/27/2014,8/2/2014,BNOTIONS - NYT - IPAD - SUBSCRIBED USERS LAL 5% - 01 - GLP,0,0,0,0,0,0,0,0,0,0,0,0,0,0
7/27/2014,8/2/2014,BNOTIONS - NYT - US FORMER SUBSCRIBERS LAL - IPAD - GLP,216685,1.097510211,237814,2975,2605,1.250977655,1.202205967,2664.92,11.20590041,12.29859012,0.8957714286,736,729,24
7/27/2014,8/2/2014,BNOTIONS - NYT - US FORMER SUBSCRIBERS LAL - IPHONE - 02 - GLP,96973,1.072329411,103987,964,837,0.9270389568,0.8631268497,1204.36,11.58183234,12.41953946,1.2493361,151,151,8
7/27/2014,8/2/2014,BNOTIONS - NYT - CONNECTED TO PAGE - IPHONE - GLP,0,0,0,0,0,0,0,0,0,0,0,0,0,0
7/27/2014,8/2/2014,BNOTIONS - NYT - REGI FB ACQ LAL - ANDROID - GLP,0,0,0,0,0,0,0,0,0,0,0,0,0,0
7/27/2014,8/2/2014,BNOTIONS - NYT - LAL FB REGGIES - IPHONE,54997,1.066949106,58679,351,319,0.598169703,0.5800316381,491.97,8.384089708,8.945397022,1.401623932,60,60,12
7/27/2014,8/2/2014,BNOTIONS - NYT - IPHONE - BROAD TARGETING 45+ - 01 - GLP,0,0,0,0,0,0,0,0,0,0,0,0,0,0
7/27/2014,8/2/2014,BNOTIONS - NYT - US FORMER SUBSCRIBERS LAL - IPHONE - GLP,23743,1.035463084,24585,138,128,0.5613178768,0.5391062629,128.54,5.228391296,5.413806174,0.9314492754,29,29,3
7/27/2014,8/2/2014,BNOTIONS - NYT - CUSTOM AUDIENCES - IPHONE - GLP,105046,1.11577785,117208,408,369,0.3480991059,0.3512746797,702.51,5.993703501,6.687641605,1.721838235,53,53,6
7/27/2014,8/2/2014,BNOTIONS - NYT - CONNECTED TO PAGE - IPAD - GLP,0,0,0,0,0,0,0,0,0,0,0,0,0,0
7/27/2014,8/2/2014,BNOTIONS - NYT - IPHONE - SUBSCRIBED USERS LAL 10% - 01 - GLP,0,0,0,0,0,0,0,0,0,0,0,0,0,0
7/27/2014,8/2/2014,BNOTIONS - NYT - IPHONE - CONNECTED TO PAGE - 01 - GLP,0,0,0,0,0,0,0,0,0,0,0,0,0,0
7/27/2014,8/2/2014,BNOTIONS - NYT - BROAD - IPHONE - GLP,103107,1.020580562,105229,152,144,0.144446873,0.1396607408,490.79,4.664018474,4.760006595,3.228881579,15,15,4
7/27/2014,8/2/2014,BNOTIONS - NYT - CUSTOM AUDIENCES - IPAD - GLP,154752,1.344932537,208131,2597,2245,1.247771836,1.45070823,2451.96,11.78084956,15.84444789,0.9441509434,665,659,22
7/27/2014,8/2/2014,BNNOTIONS - NYT - IPAD - US FORMER SUBS 5% - 01 - GLP,0,0,0,0,0,0,0,0,0,0,0,0,0,0
7/27/2014,8/2/2014,BNOTIONS - NYT - US REG LAL - IPAD - GLP,0,0,0,0,0,0,0,0,0,0,0,0,0,0
7/27/2014,8/2/2014,BNOTIONS - NYT - US FORMER SUBSCRIBERS LAL - ANDROID - GLP,56645,1.23513108,69964,585,511,0.8361443028,0.9021096302,750,10.71979875,13.24035661,1.282051282,306,306,4
7/27/2014,8/2/2014,BNOTIONS - NYT - IPHONE - SUBSCRIBERS LAL 10% - 01 - GLP,0,0,0,0,0,0,0,0,0,0,0,0,0,0
7/27/2014,8/2/2014,BNOTIONS - NYT - BROAD - IPAD - GLP,152235,1.124012218,171114,623,586,0.3640847622,0.3849311919,1367.33,7.990754702,8.981705915,2.194751204,140,138,11
7/27/2014,8/2/2014,BNOTIONS - NYT - US REG LAL - ANDROID - GLP,0,0,0,0,0,0,0,0,0,0,0,0,0,0
7/27/2014,8/2/2014,BNOTIONS - NYT - CONNECTED TO PAGE - ANDROID - GLP,0,0,0,0,0,0,0,0,0,0,0,0,0,0
7/27/2014,8/2/2014,BNOTIONS - NYT - ANDROID PHONE - SUBSCRIBED USERS LAL 5% - 01 - GLP,0,0,0,0,0,0,0,0,0,0,0,0,0,0
7/27/2014,8/2/2014,BNOTIONS - NYT - IPAD - SUBSCRIBED USERS LAL 10% - 02 - GLP,0,0,0,0,0,0,0,0,0,0,0,0,0,0
7/20/2014,7/26/2014,BNOTIONS - NYT - US FORMER SUBSCRIBERS LAL - IPAD - GLP,9027,1.029356375,9292,149,131,1.603529918,1.45120195,90,9.685751184,9.970089731,0.6040268456,42,42,4
7/20/2014,7/26/2014,BNOTIONS - NYT - BROAD - IPHONE - GLP,4088,1.011007828,4133,15,15,0.3629324946,0.366927593,21.46,5.192354222,5.249510763,1.430666667,3,3,0
7/20/2014,7/26/2014,BNOTIONS - NYT - US FORMER SUBSCRIBERS LAL - IPHONE - GLP,10370,1.02391514,10618,67,60,0.6310039555,0.5785920926,54.49,5.131851573,5.254580521,0.8132835821,13,13,1
7/20/2014,7/26/2014,BNOTIONS - NYT - CUSTOM AUDIENCE - ANDROID - GLP,0,0,0,0,0,0,0,0,0,0,0,0,0,0
7/20/2014,7/26/2014,BNOTIONS - NYT - US FORMER SUBSCRIBERS LAL - ANDROID - GLP,0,0,0,0,0,0,0,0,0,0,0,0,0,0
7/20/2014,7/26/2014,BNOTIONS - NYT - BROAD - IPAD - GLP,3246,1.024645718,3326,12,12,0.3607937462,0.3696857671,23.1,6.945279615,7.116451017,1.925,3,3,0
7/20/2014,7/26/2014,BNOTIONS - NYT - LAL FB REGGIES - IPHONE,0,0,0,0,0,0,0,0,0,0,0,0,0,0
7/20/2014,7/26/2014,BNOTIONS - NYT - US REG LAL - IPAD - GLP,0,0,0,0,0,0,0,0,0,0,0,0,0,0
7/20/2014,7/26/2014,BNOTIONS - NYT - CONNECTED TO PAGE - ANDROID - GLP,0,0,0,0,0,0,0,0,0,0,0,0,0,0
7/20/2014,7/26/2014,BNOTIONS - NYT - IPAD - SUBSCRIBED USERS LAL 5% - GLP,0,0,0,0,0,0,0,0,0,0,0,0,0,0
7/20/2014,7/26/2014,BNOTIONS - NYT - CONNECTED TO PAGE - IPHONE - GLP,0,0,0,0,0,0,0,0,0,0,0,0,0,0
7/20/2014,7/26/2014,BNOTIONS - NYT - CUSTOM AUDIENCES - IPAD - M 45-65 - GLP,0,0,0,0,0,0,0,0,0,0,0,0,0,0
7/20/2014,7/26/2014,BNOTIONS - NYT - US FORMER SUBSCRIBERS LAL - IPHONE - 02 - GLP,0,0,0,0,0,0,0,0,0,0,0,0,0,0
7/20/2014,7/26/2014,BNOTIONS - NYT - CUSTOM AUDIENCES - IPAD - F 45-65 - GLP,0,0,0,0,0,0,0,0,0,0,0,0,0,0
7/20/2014,7/26/2014,BNOTIONS - NYT - REGI FB ACQ LAL - ANDROID - GLP,0,0,0,0,0,0,0,0,0,0,0,0,0,0
7/20/2014,7/26/2014,BNNOTIONS - NYT - IPAD - US FORMER SUBS 5% - 01 - GLP,0,0,0,0,0,0,0,0,0,0,0,0,0,0
7/20/2014,7/26/2014,BNOTIONS - NYT - CUSTOM AUDIENCES - IPHONE - GLP,5159,1.033727467,5333,37,33,0.6937933621,0.6396588486,29.59,5.548471779,5.735607676,0.7997297297,4,4,1
7/20/2014,7/26/2014,BNOTIONS - NYT - CUSTOM AUDIENCES - IPAD - GLP,8247,1.043288469,8604,177,157,2.057182706,1.903722566,90,10.46025105,10.91305929,0.5084745763,37,36,1
7/20/2014,7/26/2014,BNOTIONS - NYT - IPHONE - SUBSCRIBED USERS LAL 10% - 01 - GLP,0,0,0,0,0,0,0,0,0,0,0,0,0,0
7/20/2014,7/26/2014,BNOTIONS - NYT - CONNECTED TO PAGE - IPAD - GLP,0,0,0,0,0,0,0,0,0,0,0,0,0,0
7/20/2014,7/26/2014,BNOTIONS - NYT - IPHONE - SUBSCRIBERS LAL 10% - 01 - GLP,0,0,0,0,0,0,0,0,0,0,0,0,0,0
7/20/2014,7/26/2014,BNOTIONS - NYT - ANDROID PHONE - SUBSCRIBED USERS LAL 5% - 01 - GLP,0,0,0,0,0,0,0,0,0,0,0,0,0,0
7/20/2014,7/26/2014,BNOTIONS - NYT - IPAD - SUBSCRIBED USERS LAL 10% - 02 - GLP,0,0,0,0,0,0,0,0,0,0,0,0,0,0
7/20/2014,7/26/2014,BNOTIONS - NYT - REGI FB ACQ LAL - IPAD - GLP,0,0,0,0,0,0,0,0,0,0,0,0,0,0
7/20/2014,7/26/2014,BNOTIONS - NYT - IPAD - SUBSCRIBED USERS LAL 5% - 01 - GLP,0,0,0,0,0,0,0,0,0,0,0,0,0,0
7/20/2014,7/26/2014,BNOTIONS - NYT - IPHONE - US FORMER SUBS 10% - 01 - GLP,0,0,0,0,0,0,0,0,0,0,0,0,0,0
7/20/2014,7/26/2014,BNOTIONS - NYT - US REG LAL - ANDROID - GLP,0,0,0,0,0,0,0,0,0,0,0,0,0,0
7/20/2014,7/26/2014,BNOTIONS - NYT - IPHONE - BROAD TARGETING 45+ - 01 - GLP,0,0,0,0,0,0,0,0,0,0,0,0,0,0
7/20/2014,7/26/2014,BNOTIONS - NYT - IPHONE - CONNECTED TO PAGE - 01 - GLP,0,0,0,0,0,0,0,0,0,0,0,0,0,0
7/20/2014,7/26/2014,BNOTIONS - NYT - ANDROID PHONE - US FORMER SUBSCRIBERS 10% - GLP,0,0,0,0,0,0,0,0,0,0,0,0,0,0
7/13/2014,7/19/2014,BNOTIONS - NYT - IPHONE - SUBSCRIBERS LAL 10% - 01 - GLP,0,0,0,0,0,0,0,0,0,0,0,0,0,0
7/13/2014,7/19/2014,BNOTIONS - NYT - IPHONE - US FORMER SUBS 10% - 01 - GLP,0,0,0,0,0,0,0,0,0,0,0,0,0,0
7/13/2014,7/19/2014,BNOTIONS - NYT - IPHONE - BROAD TARGETING 45+ - 01 - GLP,0,0,0,0,0,0,0,0,0,0,0,0,0,0
7/13/2014,7/19/2014,BNOTIONS - NYT - CONNECTED TO PAGE - IPHONE - GLP,0,0,0,0,0,0,0,0,0,0,0,0,0,0
7/13/2014,7/19/2014,BNOTIONS - NYT - US FORMER SUBSCRIBERS LAL - IPAD - GLP,0,0,0,0,0,0,0,0,0,0,0,0,0,0
7/13/2014,7/19/2014,BNOTIONS - NYT - CUSTOM AUDIENCE - ANDROID - GLP,0,0,0,0,0,0,0,0,0,0,0,0,0,0
7/13/2014,7/19/2014,BNOTIONS - NYT - CONNECTED TO PAGE - ANDROID - GLP,0,0,0,0,0,0,0,0,0,0,0,0,0,0
7/13/2014,7/19/2014,BNNOTIONS - NYT - IPAD - US FORMER SUBS 5% - 01 - GLP,0,0,0,0,0,0,0,0,0,0,0,0,0,0
7/13/2014,7/19/2014,BNOTIONS - NYT - IPHONE - CONNECTED TO PAGE - 01 - GLP,0,0,0,0,0,0,0,0,0,0,0,0,0,0
7/13/2014,7/19/2014,BNOTIONS - NYT - REGI FB ACQ LAL - IPAD - GLP,0,0,0,0,0,0,0,0,0,0,0,0,0,0
7/13/2014,7/19/2014,BNOTIONS - NYT - LAL FB REGGIES - IPHONE,0,0,0,0,0,0,0,0,0,0,0,0,0,0
7/13/2014,7/19/2014,BNOTIONS - NYT - IPHONE - SUBSCRIBED USERS LAL 10% - 01 - GLP,0,0,0,0,0,0,0,0,0,0,0,0,0,0
7/13/2014,7/19/2014,BNOTIONS - NYT - BROAD - IPHONE - GLP,0,0,0,0,0,0,0,0,0,0,0,0,0,0
7/13/2014,7/19/2014,BNOTIONS - NYT - CUSTOM AUDIENCES - IPAD - GLP,0,0,0,0,0,0,0,0,0,0,0,0,0,0
7/13/2014,7/19/2014,BNOTIONS - NYT - BROAD - IPAD - GLP,0,0,0,0,0,0,0,0,0,0,0,0,0,0
7/13/2014,7/19/2014,BNOTIONS - NYT - US REG LAL - ANDROID - GLP,0,0,0,0,0,0,0,0,0,0,0,0,0,0
7/13/2014,7/19/2014,BNOTIONS - NYT - US FORMER SUBSCRIBERS LAL - ANDROID - GLP,0,0,0,0,0,0,0,0,0,0,0,0,0,0
7/13/2014,7/19/2014,BNOTIONS - NYT - US REG LAL - IPAD - GLP,0,0,0,0,0,0,0,0,0,0,0,0,0,0
7/13/2014,7/19/2014,BNOTIONS - NYT - CUSTOM AUDIENCES - IPHONE - GLP,0,0,0,0,0,0,0,0,0,0,0,0,0,0
7/13/2014,7/19/2014,BNOTIONS - NYT - CONNECTED TO PAGE - IPAD - GLP,0,0,0,0,0,0,0,0,0,0,0,0,0,0
7/13/2014,7/19/2014,BNOTIONS - NYT - US FORMER SUBSCRIBERS LAL - IPHONE - GLP,0,0,0,0,0,0,0,0,0,0,0,0,0,0
7/13/2014,7/19/2014,BNOTIONS - NYT - REGI FB ACQ LAL - ANDROID - GLP,0,0,0,0,0,0,0,0,0,0,0,0,0,0
7/13/2014,7/19/2014,BNOTIONS - NYT - CUSTOM AUDIENCES - IPAD - M 45-65 - GLP,0,0,0,0,0,0,0,0,0,0,0,0,0,0
7/13/2014,7/19/2014,BNOTIONS - NYT - ANDROID PHONE - US FORMER SUBSCRIBERS 10% - GLP,0,0,0,0,0,0,0,0,0,0,0,0,0,0
7/13/2014,7/19/2014,BNOTIONS - NYT - IPAD - SUBSCRIBED USERS LAL 5% - 01 - GLP,0,0,0,0,0,0,0,0,0,0,0,0,0,0
7/13/2014,7/19/2014,BNOTIONS - NYT - US FORMER SUBSCRIBERS LAL - IPHONE - 02 - GLP,0,0,0,0,0,0,0,0,0,0,0,0,0,0
7/13/2014,7/19/2014,BNOTIONS - NYT - CUSTOM AUDIENCES - IPAD - F 45-65 - GLP,0,0,0,0,0,0,0,0,0,0,0,0,0,0
7/13/2014,7/19/2014,BNOTIONS - NYT - IPAD - SUBSCRIBED USERS LAL 5% - GLP,0,0,0,0,0,0,0,0,0,0,0,0,0,0
7/13/2014,7/19/2014,BNOTIONS - NYT - IPAD - SUBSCRIBED USERS LAL 10% - 02 - GLP,0,0,0,0,0,0,0,0,0,0,0,0,0,0
7/13/2014,7/19/2014,BNOTIONS - NYT - ANDROID PHONE - SUBSCRIBED USERS LAL 5% - 01 - GLP,0,0,0,0,0,0,0,0,0,0,0,0,0,0
7/6/2014,7/12/2014,BNOTIONS - NYT - CUSTOM AUDIENCES - IPAD - M 45-65 - GLP,0,0,0,0,0,0,0,0,0,0,0,0,0,0
7/6/2014,7/12/2014,BNOTIONS - NYT - IPAD - SUBSCRIBED USERS LAL 5% - GLP,0,0,0,0,0,0,0,0,0,0,0,0,0,0
7/6/2014,7/12/2014,BNOTIONS - NYT - CUSTOM AUDIENCE - ANDROID - GLP,0,0,0,0,0,0,0,0,0,0,0,0,0,0
7/6/2014,7/12/2014,BNOTIONS - NYT - IPHONE - US FORMER SUBS 10% - 01 - GLP,0,0,0,0,0,0,0,0,0,0,0,0,0,0
7/6/2014,7/12/2014,BNOTIONS - NYT - US FORMER SUBSCRIBERS LAL - IPHONE - 02 - GLP,0,0,0,0,0,0,0,0,0,0,0,0,0,0
7/6/2014,7/12/2014,BNNOTIONS - NYT - IPAD - US FORMER SUBS 5% - 01 - GLP,0,0,0,0,0,0,0,0,0,0,0,0,0,0
7/6/2014,7/12/2014,BNOTIONS - NYT - BROAD - IPAD - GLP,0,0,0,0,0,0,0,0,0,0,0,0,0,0
7/6/2014,7/12/2014,BNOTIONS - NYT - CONNECTED TO PAGE - IPHONE - GLP,0,0,0,0,0,0,0,0,0,0,0,0,0,0
7/6/2014,7/12/2014,BNOTIONS - NYT - IPHONE - CONNECTED TO PAGE - 01 - GLP,0,0,0,0,0,0,0,0,0,0,0,0,0,0
7/6/2014,7/12/2014,BNOTIONS - NYT - ANDROID PHONE - US FORMER SUBSCRIBERS 10% - GLP,0,0,0,0,0,0,0,0,0,0,0,0,0,0
7/6/2014,7/12/2014,BNOTIONS - NYT - IPHONE - BROAD TARGETING 45+ - 01 - GLP,0,0,0,0,0,0,0,0,0,0,0,0,0,0
7/6/2014,7/12/2014,BNOTIONS - NYT - REGI FB ACQ LAL - ANDROID - GLP,0,0,0,0,0,0,0,0,0,0,0,0,0,0
7/6/2014,7/12/2014,BNOTIONS - NYT - IPAD - SUBSCRIBED USERS LAL 5% - 01 - GLP,0,0,0,0,0,0,0,0,0,0,0,0,0,0
7/6/2014,7/12/2014,BNOTIONS - NYT - CUSTOM AUDIENCES - IPAD - GLP,0,0,0,0,0,0,0,0,0,0,0,0,0,0
7/6/2014,7/12/2014,BNOTIONS - NYT - US REG LAL - ANDROID - GLP,0,0,0,0,0,0,0,0,0,0,0,0,0,0
7/6/2014,7/12/2014,BNOTIONS - NYT - BROAD - IPHONE - GLP,0,0,0,0,0,0,0,0,0,0,0,0,0,0
7/6/2014,7/12/2014,BNOTIONS - NYT - IPHONE - SUBSCRIBERS LAL 10% - 01 - GLP,0,0,0,0,0,0,0,0,0,0,0,0,0,0
7/6/2014,7/12/2014,BNOTIONS - NYT - REGI FB ACQ LAL - IPAD - GLP,0,0,0,0,0,0,0,0,0,0,0,0,0,0
7/6/2014,7/12/2014,BNOTIONS - NYT - CONNECTED TO PAGE - ANDROID - GLP,0,0,0,0,0,0,0,0,0,0,0,0,0,0
7/6/2014,7/12/2014,BNOTIONS - NYT - US REG LAL - IPAD - GLP,0,0,0,0,0,0,0,0,0,0,0,0,0,0
7/6/2014,7/12/2014,BNOTIONS - NYT - IPAD - SUBSCRIBED USERS LAL 10% - 02 - GLP,0,0,0,0,0,0,0,0,0,0,0,0,0,0
7/6/2014,7/12/2014,BNOTIONS - NYT - CUSTOM AUDIENCES - IPAD - F 45-65 - GLP,0,0,0,0,0,0,0,0,0,0,0,0,0,0
7/6/2014,7/12/2014,BNOTIONS - NYT - CUSTOM AUDIENCES - IPHONE - GLP,0,0,0,0,0,0,0,0,0,0,0,0,0,0
7/6/2014,7/12/2014,BNOTIONS - NYT - ANDROID PHONE - SUBSCRIBED USERS LAL 5% - 01 - GLP,0,0,0,0,0,0,0,0,0,0,0,0,0,0
7/6/2014,7/12/2014,BNOTIONS - NYT - US FORMER SUBSCRIBERS LAL - IPAD - GLP,0,0,0,0,0,0,0,0,0,0,0,0,0,0
7/6/2014,7/12/2014,BNOTIONS - NYT - LAL FB REGGIES - IPHONE,0,0,0,0,0,0,0,0,0,0,0,0,0,0
7/6/2014,7/12/2014,BNOTIONS - NYT - US FORMER SUBSCRIBERS LAL - IPHONE - GLP,0,0,0,0,0,0,0,0,0,0,0,0,0,0
7/6/2014,7/12/2014,BNOTIONS - NYT - US FORMER SUBSCRIBERS LAL - ANDROID - GLP,0,0,0,0,0,0,0,0,0,0,0,0,0,0
7/6/2014,7/12/2014,BNOTIONS - NYT - CONNECTED TO PAGE - IPAD - GLP,0,0,0,0,0,0,0,0,0,0,0,0,0,0
7/6/2014,7/12/2014,BNOTIONS - NYT - IPHONE - SUBSCRIBED USERS LAL 10% - 01 - GLP,0,0,0,0,0,0,0,0,0,0,0,0,0,0